Gene,log2FoldChange_CBX4.1,padj_CBX4.1,effect_CBX4.1,log2FoldChange_CBX4.2,padj_CBX4.2,effect_CBX4.2,log2FoldChange_BMI1.1,padj_BMI1.1,effect_BMI1.1,log2FoldChange_BMI1.3,padj_BMI1.3,effect_BMI1.3,log2FoldChange_EZH2.3,padj_EZH2.3,effect_EZH2.3
CDKN2A,1.03683346455933,3.54699806174393e-07,Upregulated,0.851452665543156,0.000454506773028796,Upregulated,1.4641116979364,1.13340016329575e-16,Upregulated,1.33911114053221,2.11118177613376e-13,Upregulated,1.29167911674655,5.23315598828976e-13,Upregulated
DMRTA2,2.08071208003264,0.0297781561460366,Upregulated,2.28236828543609,0.00435200886661003,Upregulated,2.46308291622335,0.000163723039767594,Upregulated,1.97730919661227,0.00576031161157037,Upregulated,2.60657058214321,1.5052223698503e-05,Upregulated
EYA4,0.973461676348438,0.0150639569104163,Upregulated,1.14289816455983,0.000726082588351165,Upregulated,1.27457743801609,1.02302476087434e-05,Upregulated,1.30110568368577,4.41264882078592e-06,Upregulated,1.49307644681859,5.13534401563767e-09,Upregulated
PCDH1,1.68469457893741,0.000398120664473809,Upregulated,1.47476203169875,0.00443934037602076,Upregulated,1.78537460589246,1.46173370872989e-05,Upregulated,2.15378048295015,8.92831423172925e-09,Upregulated,3.2395177347652,2.3944065298877e-23,Upregulated
PDLIM3,2.22720577675983,0.00483963279506316,Upregulated,2.19691110249859,0.00420741346832582,Upregulated,2.80396079010684,1.9774580249223e-06,Upregulated,3.65993516058316,1.33564541521854e-12,Upregulated,3.49220168098249,6.93885979724396e-12,Upregulated
RTN1,0.908899147464793,0.0120615529543855,Upregulated,0.753194752295217,0.0827012808199566,Upregulated,1.22550064083548,2.50988589152825e-06,Upregulated,1.25850834413176,5.66509351343152e-07,Upregulated,1.55392151984394,8.38322878961592e-12,Upregulated
