Gene,log2FoldChange_CBX4.1,pvalue_CBX4.1,padj_CBX4.1,effect_CBX4.1,log2FoldChange_CBX4.2,pvalue_CBX4.2,padj_CBX4.2,effect_CBX4.2,log2FoldChange_BMI1.1,pvalue_BMI1.1,padj_BMI1.1,effect_BMI1.1,log2FoldChange_BMI1.3,pvalue_BMI1.3,padj_BMI1.3,effect_BMI1.3,log2FoldChange_EZH2.3,pvalue_EZH2.3,padj_EZH2.3,effect_EZH2.3
DMRTA2,2.09204211900997,2.48783082642067e-05,0.0405291564874799,Upregulated,2.2925732277428,3.59740989457087e-06,0.0150743465948835,Upregulated,2.4845030303214,3.80566314699395e-07,0.000643646371389449,Upregulated,1.99667483176653,7.0660719441654e-05,0.0134587258197126,Upregulated,2.6319078991072,6.94767590444429e-08,1.67960064989941e-05,Upregulated
EYA4,0.98454673835573,3.70858498954885e-05,0.0466206219036187,Upregulated,1.15466482244195,1.29164147074243e-06,0.00811861246435154,Upregulated,1.29602554339652,4.50477922192459e-08,8.8886802013942e-05,Upregulated,1.32067019996006,2.39912407302373e-08,3.35104319133126e-05,Upregulated,1.51858707270758,1.21591752911996e-10,7.64264962928351e-08,Upregulated
PDLIM3,2.23816995321807,5.71820346024843e-06,0.0179708839246958,Upregulated,2.20918507316079,8.95916248061823e-06,0.0281564078859629,Upregulated,2.81227148950242,6.65887776775104e-09,1.57668907784809e-05,Upregulated,3.6919266955057,6.94309034750685e-15,8.72815887585086e-11,Upregulated,3.53984877718655,1.12131263553251e-13,1.28145646738901e-10,Upregulated
